{
  "observation.state": {
    "min": [
      -0.7313627697557039,
      0.07079055446089001,
      0.8937482033612563,
      -0.33246776921239984,
      -1.4553427967754717,
      -0.10362019769090335
    ],
    "max": [
      -0.4073773007079965,
      0.6764023516104024,
      1.2918927123262027,
      0.19903734789743335,
      -1.4546970249522337,
      -0.10355038452082357
    ],
    "mean": [
      -0.5485010377312746,
      0.498611279235414,
      1.1419000727546043,
      -0.16072844670405298,
      -1.4548471710851478,
      -0.10358433476106807
    ],
    "std": [
      0.14803353922839083,
      0.15453896369611636,
      0.1328842252108712,
      0.12801741147652868,
      0.00010302201839171123,
      2.0199600456251335e-05
    ]
  },
  "observation.cartesian_position": {
    "min": [
      -837.413,
      125.811,
      151.546,
      -179.959,
      4.144,
      54.039
    ],
    "max": [
      -610.917,
      393.374,
      515.954,
      178.995,
      7.308,
      74.826
    ],
    "mean": [
      -760.8773082191777,
      247.93715753424675,
      269.5399041095891,
      -87.76277397260274,
      6.271205479452052,
      65.35528082191786
    ],
    "std": [
      61.506762406644896,
      106.04443659059935,
      116.65972490217467,
      149.19181681444223,
      0.8451539206316301,
      8.402000472606924
    ]
  },
  "action": {
    "min": [
      -0.32101621020445953,
      -0.33811165786786646,
      -0.06553281990242717,
      -0.6695751471753763,
      -0.0009497209124727144,
      -0.0009497209124727144,
      0.0
    ],
    "max": [
      0.12346776778531751,
      0.24788527393640025,
      0.3780013150018295,
      0.651529856426449,
      0.0018994418249454288,
      0.0009497209124727144,
      1.0
    ],
    "mean": [
      -0.015397689272865273,
      -0.013055839117805425,
      0.019502436614271756,
      -0.015937615723159073,
      -1.9514813269987283e-05,
      -5.2039502053299434e-05,
      0.4383561643835616
    ],
    "std": [
      0.06397684971870235,
      0.0995511767945044,
      0.0707453292669505,
      0.1380682500755759,
      0.0005930919583906606,
      0.0005305413835229864,
      0.49618548702122833
    ]
  },
  "episode_index": {
    "min": null,
    "max": null,
    "mean": null,
    "std": null
  },
  "frame_index": {
    "min": null,
    "max": null,
    "mean": null,
    "std": null
  },
  "timestamp": {
    "min": null,
    "max": null,
    "mean": null,
    "std": null
  },
  "index": {
    "min": null,
    "max": null,
    "mean": null,
    "std": null
  }
}