{
  "observation.state": {
    "min": [
      -0.6770132168486004,
      -0.0010995574287564276,
      0.5937086516509111,
      -0.28841565889206294,
      -1.582699472293498,
      -0.10356783781334351
    ],
    "max": [
      -0.324404348068186,
      0.7752578004433612,
      1.184729496253751,
      0.5515938568002879,
      -1.454627211782154,
      -0.10351547793578368
    ],
    "mean": [
      -0.4567384699023336,
      0.5358669664062288,
      0.9532503560711912,
      -0.04224627632094013,
      -1.5332857880812225,
      -0.10355108265252431
    ],
    "std": [
      0.08615912639458967,
      0.1855058613930461,
      0.20892378175692392,
      0.22878982287252764,
      0.06185490796966364,
      1.9768074379018564e-05
    ]
  },
  "observation.cartesian_position": {
    "min": [
      -868.455,
      109.552,
      151.47,
      -179.869,
      -2.934,
      59.812
    ],
    "max": [
      -502.597,
      273.787,
      735.904,
      179.654,
      6.807,
      77.568
    ],
    "mean": [
      -785.5633111111107,
      199.60519555555555,
      317.17632000000015,
      -118.26046666666672,
      1.6619777777777782,
      70.25947555555553
    ],
    "std": [
      69.83018155917722,
      50.30732040362386,
      169.2353547014329,
      125.43378881784601,
      3.529950222430831,
      4.581439848449176
    ]
  },
  "action": {
    "min": [
      -0.3874987510193594,
      -0.3732524835466631,
      -0.484373530403985,
      -0.8595255779486413,
      -0.3457096520604509,
      -0.0009497209124727144,
      0.0
    ],
    "max": [
      0.30297081473577714,
      0.37610176845712895,
      0.39224759992781827,
      0.7132638101322778,
      0.0009497209124727144,
      0.0009497209124727144,
      1.0
    ],
    "mean": [
      0.008653286115430685,
      0.0006205057388543436,
      0.006120623866815259,
      -0.004727653242171686,
      -0.003697698613142526,
      3.798883649890858e-05,
      0.3422222222222222
    ],
    "std": [
      0.08094382483708479,
      0.11970455305332241,
      0.10006529345744684,
      0.17778486030675195,
      0.03100191853264092,
      0.000501107169721308,
      0.4744535518251559
    ]
  },
  "episode_index": {
    "min": null,
    "max": null,
    "mean": null,
    "std": null
  },
  "frame_index": {
    "min": null,
    "max": null,
    "mean": null,
    "std": null
  },
  "timestamp": {
    "min": null,
    "max": null,
    "mean": null,
    "std": null
  },
  "index": {
    "min": null,
    "max": null,
    "mean": null,
    "std": null
  }
}