{
  "observation.state": {
    "min": [
      -0.9634217471008699,
      -0.2086192054908822,
      0.8296248066429845,
      -0.09051277500842593,
      -1.4557965823809902,
      -0.10355038452082357
    ],
    "max": [
      -0.40669662229971865,
      0.6803642490124295,
      1.4446439284607466,
      0.19137535248117823,
      -1.4551682638502723,
      -0.10346311805822385
    ],
    "mean": [
      -0.6984225541694855,
      0.29342245460914657,
      1.1902321954020147,
      -0.005638249569810897,
      -1.4552137260194065,
      -0.10353732067911664
    ],
    "std": [
      0.22614063336572549,
      0.2979715627983866,
      0.22471977432437604,
      0.07751266238628902,
      5.472611537094913e-05,
      1.425719478290258e-05
    ]
  },
  "observation.cartesian_position": {
    "min": [
      -874.859,
      126.227,
      143.723,
      -179.594,
      2.665,
      41.843
    ],
    "max": [
      -474.495,
      437.43,
      650.555,
      179.751,
      8.277,
      74.71
    ],
    "mean": [
      -642.8083652694619,
      276.2543293413176,
      351.0645149700601,
      -18.808862275449087,
      5.975017964071855,
      56.59335928143712
    ],
    "std": [
      145.8375371869219,
      98.77988247252954,
      179.99380716904636,
      165.2455518145707,
      1.9210936801262477,
      13.30243934688309
    ]
  },
  "action": {
    "min": [
      -0.19659859933362167,
      -0.28872454726308094,
      -0.503368542065385,
      -0.2925236578057745,
      -0.0009497209124727144,
      -0.0009497209124727144,
      0.0
    ],
    "max": [
      0.4083933092254599,
      0.3219659311169323,
      0.37610176845712895,
      0.7303592403423922,
      0.0009497209124727144,
      0.0009497209124727144,
      1.0
    ],
    "mean": [
      0.01995616176319417,
      0.024790226111104815,
      -0.014360023748401143,
      0.006676702289879874,
      -1.7060854715078704e-05,
      -2.8434757858464504e-05,
      0.40718562874251496
    ],
    "std": [
      0.07985514908608371,
      0.11137344429649128,
      0.11864786971866847,
      0.08752216758206222,
      0.0005035441574694696,
      0.000503030074479427,
      0.4913099759704438
    ]
  },
  "episode_index": {
    "min": null,
    "max": null,
    "mean": null,
    "std": null
  },
  "frame_index": {
    "min": null,
    "max": null,
    "mean": null,
    "std": null
  },
  "timestamp": {
    "min": null,
    "max": null,
    "mean": null,
    "std": null
  },
  "index": {
    "min": null,
    "max": null,
    "mean": null,
    "std": null
  }
}