{
  "observation.state": {
    "min": [
      -0.47530551519561576,
      0.008813912722571364,
      0.5898863805890435,
      -0.5349259624437421,
      -1.5827692854635778,
      -0.10358529110586345
    ],
    "max": [
      -0.30885346443291656,
      0.6790028921958741,
      1.190244736690053,
      0.3762755334374575,
      -1.5822805932730193,
      -0.10353293122830363
    ],
    "mean": [
      -0.39680734179942756,
      0.4277162042579042,
      1.0708626848630707,
      -0.20435488641788102,
      -1.5825402492740166,
      -0.10356355103974221
    ],
    "std": [
      0.06359320751484444,
      0.2341373802469294,
      0.2104433166095826,
      0.2863101338603351,
      0.0001059410076554883,
      1.8478745436066567e-05
    ]
  },
  "observation.cartesian_position": {
    "min": [
      -874.598,
      102.133,
      162.085,
      -179.627,
      -3.806,
      67.942
    ],
    "max": [
      -535.572,
      236.265,
      784.483,
      -146.052,
      -0.391,
      78.116
    ],
    "mean": [
      -768.9380058479536,
      152.2685146198831,
      366.27357309941516,
      -164.2569532163743,
      -1.976444444444447,
      73.00746198830409
    ],
    "std": [
      106.6219565131131,
      45.095818003402336,
      216.062629371195,
      10.189890335545462,
      1.0405134478793028,
      3.7436560784012216
    ]
  },
  "action": {
    "min": [
      -0.18995032605350992,
      -0.3865490301068867,
      -0.4815242629468117,
      -0.6876204204710109,
      -0.0009497209124727144,
      -0.0009497209124727144,
      0.0
    ],
    "max": [
      0.14151305853424476,
      0.2858753845256628,
      0.3903480359298252,
      0.6572284262473805,
      0.0018994418249454288,
      0.0009497209124727144,
      1.0
    ],
    "mean": [
      -0.0031436258090693095,
      -0.005487458366921661,
      -0.008258953952626059,
      0.007614679744365622,
      2.776961732376358e-05,
      3.33235407885163e-05,
      0.4444444444444444
    ],
    "std": [
      0.04052264367067372,
      0.12485812946067242,
      0.11329605624264956,
      0.1709783807549941,
      0.0005665546410182821,
      0.0005124679547705825,
      0.4969039949999535
    ]
  },
  "episode_index": {
    "min": null,
    "max": null,
    "mean": null,
    "std": null
  },
  "frame_index": {
    "min": null,
    "max": null,
    "mean": null,
    "std": null
  },
  "timestamp": {
    "min": null,
    "max": null,
    "mean": null,
    "std": null
  },
  "index": {
    "min": null,
    "max": null,
    "mean": null,
    "std": null
  }
}