{
  "observation.state": {
    "min": [
      -0.7372445293349248,
      -0.0014835298641951802,
      0.5849296455133797,
      -0.660519855417254,
      -1.4552380770203521,
      -0.10358529110586345
    ],
    "max": [
      -0.5104215397457417,
      0.5285380573814429,
      1.4382560233984474,
      0.5507211921742907,
      -1.4544701321494744,
      -0.10351547793578368
    ],
    "mean": [
      -0.6590912915783718,
      0.3112650198192918,
      1.270410947175302,
      -0.2519705779626693,
      -1.4548483394701845,
      -0.10355062144334651
    ],
    "std": [
      0.09064851250987131,
      0.20961479853852968,
      0.29956975993416174,
      0.3621514570504137,
      0.0003519696702482162,
      2.648638867009539e-05
    ]
  },
  "observation.cartesian_position": {
    "min": [
      -796.846,
      88.391,
      148.183,
      -178.586,
      1.745,
      53.767
    ],
    "max": [
      -501.446,
      393.573,
      790.489,
      179.87,
      7.114,
      69.87
    ],
    "mean": [
      -671.5939547511312,
      287.88066968325785,
      350.1579819004526,
      -88.94609502262425,
      5.113927601809954,
      59.79059728506786
    ],
    "std": [
      85.38369262959893,
      87.12192862123031,
      214.55774893904794,
      139.28290343518432,
      1.4342533978478624,
      5.725404640270788
    ]
  },
  "action": {
    "min": [
      -0.2868251054381355,
      -0.5233133619057203,
      -0.6866706995585382,
      -0.9744455084558539,
      -0.005698447647883926,
      -0.0009497209124727144,
      0.0
    ],
    "max": [
      0.1776036051255142,
      0.3950967626652364,
      0.3181669252939937,
      0.7123139670467574,
      0.0009497209124727144,
      0.0009497209124727144,
      1.0
    ],
    "mean": [
      0.0011603286086982545,
      -0.0014095921888884959,
      -0.020825784178206158,
      0.01765850991287627,
      -5.586648884702683e-05,
      6.875807511114676e-05,
      0.3755656108597285
    ],
    "std": [
      0.04826721216764751,
      0.13644659537812204,
      0.11328567925326954,
      0.19969280030627848,
      0.0007120738419297432,
      0.000455522247611348,
      0.484268606043472
    ]
  },
  "episode_index": {
    "min": null,
    "max": null,
    "mean": null,
    "std": null
  },
  "frame_index": {
    "min": null,
    "max": null,
    "mean": null,
    "std": null
  },
  "timestamp": {
    "min": null,
    "max": null,
    "mean": null,
    "std": null
  },
  "index": {
    "min": null,
    "max": null,
    "mean": null,
    "std": null
  }
}