{
  "observation.state": {
    "min": [
      -0.617427676185514,
      -0.032637657012293965,
      0.821509025621211,
      -0.33995523170345554,
      -1.5831358046064965,
      -0.1036027443983834
    ],
    "max": [
      -0.4223347723975879,
      0.8081048969658946,
      1.185637067464788,
      0.2503674811985866,
      -1.5005817309871647,
      -0.10353293122830363
    ],
    "mean": [
      -0.544560959079596,
      0.46189164697974133,
      0.9786008132722771,
      -0.08494525261104843,
      -1.5147404807945115,
      -0.1035561503406741
    ],
    "std": [
      0.07566342126672816,
      0.28602528458929877,
      0.15957716668905828,
      0.15095541701066176,
      0.030747549489808863,
      1.3476623996336655e-05
    ]
  },
  "observation.cartesian_position": {
    "min": [
      -895.694,
      129.921,
      160.606,
      -179.782,
      -4.135,
      59.306
    ],
    "max": [
      -565.845,
      318.373,
      738.867,
      179.635,
      4.786,
      73.206
    ],
    "mean": [
      -746.1771473214286,
      249.6570982142858,
      366.12511160714246,
      -99.85303571428577,
      2.1578616071428565,
      65.10402232142847
    ],
    "std": [
      100.29749629450899,
      56.86679276842624,
      229.17300310109817,
      134.59094204692627,
      2.9621910709251766,
      4.697161862919572
    ]
  },
  "action": {
    "min": [
      -0.1282164945207287,
      -0.4359361407116722,
      -0.4112425941359257,
      -0.6040423098196565,
      -0.0009497209124727144,
      -0.0009497209124727144,
      0.0
    ],
    "max": [
      0.21084488425961043,
      0.3780013150018295,
      0.23648815174782964,
      0.866173851228753,
      0.22034244245018794,
      0.0018994418249454288,
      1.0
    ],
    "mean": [
      0.004036443297289732,
      0.0025694155990886322,
      -0.002929817129229757,
      0.007140098258761018,
      0.0025185380826457412,
      -5.0877906025324e-05,
      0.36607142857142855
    ],
    "std": [
      0.032605530783306386,
      0.1494178001451353,
      0.0707867689011821,
      0.16109658777330546,
      0.020614639218381255,
      0.0005434920501516903,
      0.48172932000772173
    ]
  },
  "episode_index": {
    "min": null,
    "max": null,
    "mean": null,
    "std": null
  },
  "frame_index": {
    "min": null,
    "max": null,
    "mean": null,
    "std": null
  },
  "timestamp": {
    "min": null,
    "max": null,
    "mean": null,
    "std": null
  },
  "index": {
    "min": null,
    "max": null,
    "mean": null,
    "std": null
  }
}